Date,Category,Net worth (% of Total),Assets,Real estate,Consumer durables,Corporate equities and mutual fund shares,Pension entitlements,Private businesses,Other assets,Liabilities,Home mortgages,Consumer credit,Other liabilities
1989:Q3,Top 1%,23.5,20.9,8.6,18.9,42.8,9,44.8,25.7,3.8,3.3,3.2,15
1989:Q3,Next 9%,37.3,34.5,30,22.2,39.6,40.2,34.8,37.8,16.1,17.7,7.2,41.5
1989:Q3,Next 40%,35.5,37.4,49.6,40.1,16.5,46.1,18.9,31.5,49.5,52.3,46.3,22.9
1989:Q3,Bottom 50%,3.7,7.3,11.8,18.8,1.1,4.7,1.5,5,30.6,26.7,43.3,20.6
1989:Q4,Top 1%,23.6,21,8.8,18.6,42.6,9.1,44.9,26.1,3.8,3.3,3.1,17
1989:Q4,Next 9%,37.3,34.3,30.3,22,39.3,39.7,34.3,37.5,15.4,17,7,39.1
1989:Q4,Next 40%,35.2,37.4,49.2,40.2,16.9,46.5,19.3,31.3,51.4,54.8,46.6,23.9
1989:Q4,Bottom 50%,3.9,7.3,11.7,19.2,1.2,4.7,1.5,5.1,29.4,25,43.3,20
1990:Q1,Top 1%,23.3,20.7,9,17.7,41.3,9,44.1,26.5,3.9,3.3,3.1,17.7
1990:Q1,Next 9%,37.1,34.2,29.9,22.1,39.8,40,34.5,37.2,15.9,17.5,7.1,38.5
1990:Q1,Next 40%,35.9,37.7,49.5,40.5,17.7,46.5,19.8,31.3,49.8,52.8,45.3,24.7
1990:Q1,Bottom 50%,3.8,7.4,11.6,19.7,1.3,4.6,1.6,5.1,30.4,26.3,44.5,19
1990:Q2,Top 1%,23.4,20.7,9.2,17.6,41.4,9,44.1,26.3,3.9,3.3,2.9,18.9
1990:Q2,Next 9%,37.3,34.4,30.2,21.8,39.7,40.2,34.7,37.1,15.8,17.3,7.4,37.2
1990:Q2,Next 40%,35.5,37.6,49.1,40.6,17.6,46.2,19.5,31.4,50.5,54,44.6,25.4
1990:Q2,Bottom 50%,3.8,7.4,11.5,20,1.3,4.6,1.7,5.2,29.8,25.4,45.1,18.5
1990:Q3,Top 1%,22.5,19.9,9.3,16.2,37.6,8.6,42.2,27.2,4.1,3.4,3.1,21.2
1990:Q3,Next 9%,37.5,34.5,29.7,22.7,41.6,40.7,35.5,36.6,15.7,17.7,6.7,33.9
1990:Q3,Next 40%,36.1,38,49,41,19.4,46.2,20.4,31,49.7,52.6,45.1,26
1990:Q3,Bottom 50%,3.9,7.6,12,20,1.4,4.4,1.9,5.2,30.5,26.3,45.1,18.9
1990:Q4,Top 1%,23.1,20.5,9.6,15.9,38.9,8.7,43.2,27.6,4.2,3.6,3,22
1990:Q4,Next 9%,37.1,34.1,29.3,22.6,40.5,40,34.6,36.6,15.5,17.3,6.9,33.9
1990:Q4,Next 40%,36,38,49.3,41.3,19.1,46.9,20.4,30.7,50.4,53.7,44.6,26.2
1990:Q4,Bottom 50%,3.8,7.4,11.8,20.3,1.5,4.4,1.8,5.1,29.9,25.4,45.6,17.9
1991:Q1,Top 1%,23.8,21.2,9.7,16,40.6,9,45.2,27.7,4.2,3.6,2.6,22.9
1991:Q1,Next 9%,36.5,33.6,29.5,21.9,39.3,38.9,33,36.5,15.3,16.7,7.9,33.1
1991:Q1,Next 40%,35.5,37.7,48.7,41.4,18.6,47.8,20.2,30.7,52,56.4,42.4,26.7
1991:Q1,Bottom 50%,4.2,7.5,12.1,20.7,1.5,4.4,1.7,5.1,28.6,23.3,47.2,17.3
1991:Q2,Top 1%,23.6,20.9,9.9,15.4,40.1,9.2,44.6,27.4,4.2,3.7,2.5,23.7
1991:Q2,Next 9%,36.5,33.6,29.4,22.2,39.5,38.5,33.5,36.4,15.5,16.9,7.9,32.5
1991:Q2,Next 40%,35.6,37.8,48.3,41.7,18.8,47.8,20.2,31,51.7,56.2,41.7,26.9
1991:Q2,Bottom 50%,4.3,7.6,12.5,20.7,1.5,4.4,1.7,5.2,28.6,23.3,47.8,16.9
1991:Q3,Top 1%,23.8,21.1,10.1,14.8,40.8,9.6,44.9,27.2,4.2,3.7,2.2,22.6
1991:Q3,Next 9%,36,33.3,28.7,22.4,39.1,37.8,33.5,36.5,16.5,18,8.2,35.1
1991:Q3,Next 40%,36,37.9,48.5,42,18.5,48.1,19.8,31.2,49.5,53.4,41.1,26.5
1991:Q3,Bottom 50%,4.2,7.7,12.7,20.8,1.6,4.5,1.7,5.2,29.8,24.8,48.5,15.8
1991:Q4,Top 1%,24.4,21.7,10.1,14.5,42.9,9.8,46.2,26.9,4.1,3.7,2,21.5
1991:Q4,Next 9%,35.7,33.1,28.8,22.2,37.8,37.1,32.7,36.8,17.1,18.5,8.5,37.7
1991:Q4,Next 40%,35.6,37.4,47.6,42.3,17.7,48.6,19.5,31.1,48.9,52.7,40.8,26.2
1991:Q4,Bottom 50%,4.3,7.8,13.6,20.9,1.6,4.5,1.6,5.2,29.9,25,48.7,14.7
1992:Q1,Top 1%,24.2,21.4,10.6,13.9,42.3,9.7,45.5,26.7,4,3.6,1.7,23.1
1992:Q1,Next 9%,35.7,33.2,28.8,22.5,38,37.5,33.3,36.5,17.9,19.6,8.7,35.7
1992:Q1,Next 40%,36,37.6,47.2,42.6,18.1,48.5,19.5,31.6,47.6,51.3,39.5,26.2
1992:Q1,Bottom 50%,4.2,7.8,13.5,21,1.6,4.3,1.7,5.3,30.4,25.5,50.1,15
1992:Q2,Top 1%,24.1,21.3,11.3,13.4,42.3,9.8,45.1,26.1,4,3.6,1.4,22.7
1992:Q2,Next 9%,35.6,33.3,28.4,22.5,37.9,37.8,34.3,36.5,18.8,20.5,8.9,36.9
1992:Q2,Next 40%,36.2,37.6,47.1,42.9,18.3,48.1,18.9,32,46.7,50.2,38.9,25.8
1992:Q2,Bottom 50%,4.1,7.8,13.2,21.2,1.6,4.3,1.7,5.3,30.6,25.7,50.8,14.5
1992:Q3,Top 1%,24.1,21.3,11.5,12.5,42.9,10.1,45.1,25.6,4,3.6,1.2,23.5
1992:Q3,Next 9%,35.4,33.2,27.8,22.9,37.3,37.6,34.9,36.7,19.4,21.3,9,36.8
1992:Q3,Next 40%,36.2,37.5,46.7,43.3,18.2,48,18.3,32.4,45.5,48.6,38.6,25.7
1992:Q3,Bottom 50%,4.3,8,14,21.3,1.6,4.3,1.7,5.4,31.2,26.4,51.1,14.1
1992:Q4,Top 1%,24.7,21.8,11.3,12.9,44.3,9.6,46.2,26.5,4,3.7,1.2,23.7
1992:Q4,Next 9%,35.1,32.9,27.5,22.6,36.9,38,33.4,36.1,19,21,8.9,34
1992:Q4,Next 40%,36.2,37.4,47.2,43.1,17.2,48.4,18.8,32,44.8,47.7,38.4,26
1992:Q4,Bottom 50%,4,7.9,14,21.4,1.6,4.1,1.6,5.4,32.2,27.5,51.6,16.4
1993:Q1,Top 1%,25.2,22.3,11.5,13.7,44.7,9.5,47,27.3,4,3.7,1,22.6
1993:Q1,Next 9%,35,32.8,28.1,22,36.9,37.6,32.5,35.7,18.4,20,9.2,33.4
1993:Q1,Next 40%,35.8,37.3,47.1,42.8,16.8,48.7,18.8,31.7,46.6,50.7,36.2,26
1993:Q1,Bottom 50%,4,7.7,13.4,21.6,1.6,4.2,1.6,5.4,31.1,25.5,53.6,18
1993:Q2,Top 1%,25.3,22.4,11.2,13.7,44.7,9.3,47.4,28.2,4.1,3.8,1,22.9
1993:Q2,Next 9%,34.7,32.4,27.7,22,37,37.6,31.7,34.9,18.1,19.8,9,30.9
1993:Q2,Next 40%,36,37.3,47.3,42.6,16.7,48.9,19.2,31.5,45.7,49.7,35.6,26.2
1993:Q2,Bottom 50%,4,7.8,13.8,21.8,1.6,4.2,1.7,5.4,32.2,26.7,54.4,20
1993:Q3,Top 1%,25.6,22.6,11,13.6,45.3,9.1,48,28.9,4.2,3.9,1.1,21.4
1993:Q3,Next 9%,34.4,32.1,27.2,21.9,36.8,37.6,31.1,34.3,17.8,19.5,8.7,31.6
1993:Q3,Next 40%,36.1,37.3,47.6,42.4,16.3,49.1,19.3,31.3,45.2,49.2,35.5,26.1
1993:Q3,Bottom 50%,4,7.9,14.2,22.1,1.6,4.2,1.7,5.5,32.8,27.4,54.7,20.9
1993:Q4,Top 1%,26.1,23,11,13.8,45.9,8.8,48.7,30,4.2,4,1.2,20.5
1993:Q4,Next 9%,34.1,31.8,27.1,21.6,36.4,37.8,30.3,33.4,17.4,19.2,8.2,31.4
1993:Q4,Next 40%,35.9,37.2,47.6,42.1,16.1,49.2,19.4,31.2,45.3,49.2,36.4,26
1993:Q4,Bottom 50%,3.9,8,14.3,22.5,1.6,4.1,1.6,5.5,33.1,27.6,54.2,22.1
1994:Q1,Top 1%,26,23,11.1,13.9,45.5,8.6,48,31,4.3,4.1,1.3,20.6
1994:Q1,Next 9%,34.5,32,27.4,21.5,36.6,38.2,30.6,33.4,16.5,18.2,7.9,29.2
1994:Q1,Next 40%,35.4,37.1,47.3,41.9,16.3,49.1,19.6,30.2,47.1,51.9,35.3,26.2
1994:Q1,Bottom 50%,4.1,8,14.2,22.7,1.6,4.1,1.7,5.4,32.1,25.8,55.5,24
1994:Q2,Top 1%,26.1,23,11.2,13.9,45.7,8.7,47.5,31.6,4.3,4.1,1.3,20.5
1994:Q2,Next 9%,34.5,31.9,27.1,21.3,36.7,38.4,31.6,32.7,16.2,18.1,7.5,27.2
1994:Q2,Next 40%,35.4,37,47.5,41.7,16,48.7,19.1,30.2,46.8,51.4,35.8,26.4
1994:Q2,Bottom 50%,4,8.1,14.2,23,1.6,4.2,1.8,5.5,32.8,26.4,55.4,25.9
1994:Q3,Top 1%,26.3,23.2,11.2,14,46.4,8.7,48,32,4.3,4.2,1.3,20.7
1994:Q3,Next 9%,34.3,31.7,26.5,21.1,36.3,38.6,31.6,32.3,16,18.2,7.1,24.5
1994:Q3,Next 40%,35.5,36.9,47.9,41.6,15.7,48.5,18.5,30.2,45.7,49.7,36.5,26.6
1994:Q3,Bottom 50%,3.9,8.1,14.3,23.3,1.6,4.3,1.8,5.5,34.1,27.9,55.1,28.2
1994:Q4,Top 1%,26.6,23.4,11.4,13.9,46.9,8.4,47.7,32.9,4.3,4.2,1.4,19.3
1994:Q4,Next 9%,34.3,31.6,26,21.1,36.1,39.3,32.2,31.9,15.8,18.2,6.4,25.1
1994:Q4,Next 40%,35.5,36.8,48.5,41.5,15.5,48,18.2,29.7,45,48.5,38.1,26.5
1994:Q4,Bottom 50%,3.6,8.1,14,23.5,1.6,4.3,1.9,5.5,34.9,29.1,54.2,29.1
1995:Q1,Top 1%,27.2,24,11.3,14.3,48.3,8.7,49.1,33,4.3,4.3,1.2,19.6
1995:Q1,Next 9%,34,31.4,25.9,20.5,35.3,39.1,31.9,31.7,15.4,17.8,6.7,21.4
1995:Q1,Next 40%,35.1,36.5,48.5,41.3,14.9,47.8,17.2,29.7,44.9,48.6,36.8,27
1995:Q1,Bottom 50%,3.6,8.2,14.2,23.9,1.5,4.5,1.9,5.6,35.5,29.3,55.3,32
1995:Q2,Top 1%,27.7,24.3,10.5,14.3,49.6,8.7,51.1,33.5,4.3,4.4,1.1,19.1
1995:Q2,Next 9%,33.7,31,25.8,20.4,34.4,39,30.7,31.2,15.1,17.6,6.8,19.2
1995:Q2,Next 40%,34.9,36.1,48.1,41.3,14.5,47.8,16.4,29.7,43.7,46.9,37,27.5
1995:Q2,Bottom 50%,3.8,8.5,15.7,24.1,1.5,4.5,1.8,5.6,36.9,31.1,55.1,34.2
1995:Q3,Top 1%,28.4,24.9,9.7,14.4,50.9,8.8,53.4,34.3,4.3,4.5,1,17.4
1995:Q3,Next 9%,33.2,30.7,25.8,20.1,33.4,38.8,29.1,30.8,15.1,17.6,6.7,20.1
1995:Q3,Next 40%,34.6,35.7,47.7,41.2,14.2,47.9,15.8,29.1,42.4,45,37.5,27.6
1995:Q3,Bottom 50%,3.8,8.7,16.8,24.2,1.5,4.5,1.7,5.7,38.3,32.9,54.8,34.9
1995:Q4,Top 1%,28.4,25,10.1,14.3,50.2,9,52.3,34.1,4.5,4.6,1.2,19.7
1995:Q4,Next 9%,33.5,30.8,25.8,20.4,33.9,38.4,30.1,30.9,14.8,17.5,6.6,18.7
1995:Q4,Next 40%,34.2,35.6,47.4,41.4,14.5,48,16,29.5,44.3,47.3,38.7,28.5
1995:Q4,Bottom 50%,4,8.6,16.7,24,1.5,4.6,1.7,5.5,36.4,30.6,53.5,33.1
1996:Q1,Top 1%,28.2,24.9,10.3,14.2,49.3,9.1,51.5,33.8,4.6,4.7,1.2,19.2
1996:Q1,Next 9%,33.7,31,26.1,20.5,34.3,38.2,30.6,31.2,15.2,17.2,7.2,25.1
1996:Q1,Next 40%,33.9,35.5,47,41.4,14.9,48.2,16.2,29.5,45.6,49.6,37.5,27.7
1996:Q1,Bottom 50%,4.2,8.5,16.6,23.9,1.5,4.5,1.7,5.4,34.7,28.5,54.1,28
1996:Q2,Top 1%,28.1,24.7,10.8,13.8,48.7,9.1,50.4,33.4,4.7,4.7,1.2,20.6
1996:Q2,Next 9%,33.8,31.2,25.7,20.9,34.6,38.2,31.4,31.5,15.5,17.7,7.3,24.9
1996:Q2,Next 40%,34.1,35.7,47.5,41.6,15.2,48.2,16.4,29.7,45.6,49.5,37.8,28.5
1996:Q2,Bottom 50%,4,8.3,16.1,23.6,1.5,4.5,1.8,5.4,34.3,28.1,53.6,26
1996:Q3,Top 1%,27.7,24.4,11,13.5,47.8,9.2,49.2,33.2,4.8,4.7,1.3,22
1996:Q3,Next 9%,33.9,31.3,25.6,21.3,35,38.1,32.2,31.4,15.7,18,7.3,24.6
1996:Q3,Next 40%,34.4,36.1,47.7,41.8,15.7,48.2,16.7,30.2,45.7,49.5,38.1,29.1
1996:Q3,Bottom 50%,3.9,8.2,15.7,23.4,1.5,4.5,1.9,5.3,33.9,27.7,53.2,24.2
1996:Q4,Top 1%,27.9,24.6,11.2,13.6,47.6,9.6,49.2,32.8,4.8,4.8,1.3,22.9
1996:Q4,Next 9%,34,31.4,26,21.2,35,37.6,32.5,31.6,15.6,17.8,7.6,26.2
1996:Q4,Next 40%,34.1,36,47.4,41.9,15.9,48.3,16.4,30.4,47.1,51.5,38.5,29.3
1996:Q4,Bottom 50%,4,8.1,15.4,23.3,1.5,4.6,1.9,5.3,32.5,26,52.6,21.7
1997:Q1,Top 1%,27.5,24.3,11.2,13.4,47,9.5,48.4,32.2,4.9,4.8,1.2,23.2
1997:Q1,Next 9%,34.3,31.6,26.3,21.4,35.2,37.7,33,31.8,15.9,17.8,8,27
1997:Q1,Next 40%,34.1,36,47.1,42,16.3,48.2,16.6,30.7,47.4,52.3,37.1,30.1
1997:Q1,Bottom 50%,4.1,8.1,15.4,23.2,1.5,4.6,2,5.3,31.8,25.1,53.6,19.7
1997:Q2,Top 1%,28.1,24.9,11.2,13.8,48.1,9.8,50,31,4.9,4.8,1,23.1
1997:Q2,Next 9%,34.1,31.7,26.2,21,34.7,37.6,32.7,32.2,16.4,18.1,8.9,28.6
1997:Q2,Next 40%,33.8,35.6,47.3,42.1,15.7,47.9,15.4,31.4,46.9,51.9,36.5,30.7
1997:Q2,Bottom 50%,4,7.9,15.3,23,1.4,4.6,1.9,5.3,31.8,25.2,53.6,17.6
1997:Q3,Top 1%,28.3,25.1,11,13.7,48.4,10,50.2,30.7,4.8,4.8,0.9,22.8
1997:Q3,Next 9%,34.1,31.7,26.4,21.1,34.5,37.5,32.7,32.3,16.9,18.4,9.3,32.3
1997:Q3,Next 40%,33.6,35.4,47,42.3,15.7,47.9,15.2,31.7,46.2,51,36.3,30.3
1997:Q3,Bottom 50%,3.9,7.8,15.7,22.9,1.4,4.6,1.9,5.3,32,25.8,53.4,14.6
1997:Q4,Top 1%,28.3,25.1,11,13.5,48.1,9.8,49.7,31,4.9,4.8,1,23.4
1997:Q4,Next 9%,34.3,31.9,27,21.2,34.5,37.7,32.9,31.9,17,18.5,9.3,31.5
1997:Q4,Next 40%,33.4,35.3,46.5,42.4,15.9,47.9,15.5,31.8,46.9,51.7,36.7,31.7
1997:Q4,Bottom 50%,4,7.8,15.5,22.9,1.4,4.6,1.9,5.3,31.3,25,53.1,13.5
1998:Q1,Top 1%,29,25.8,10.8,13.9,49.1,10,51.5,30.3,4.8,4.7,0.6,23.4
1998:Q1,Next 9%,34.2,31.9,27.2,20.6,34.1,37.8,32.2,32.6,17.7,19,10.4,32.2
1998:Q1,Next 40%,33,34.7,46.4,42.5,15.5,47.7,14.5,32,45.7,50.6,34.9,32.6
1998:Q1,Bottom 50%,3.9,7.6,15.6,22.9,1.4,4.5,1.8,5.2,31.7,25.6,54.1,11.8
1998:Q2,Top 1%,28.9,25.7,11,13.6,48.9,10,50.8,30.5,4.8,4.7,0.7,23.5
1998:Q2,Next 9%,34.2,32,27.2,20.8,34,38,32.5,32.6,17.8,19.1,10.3,33.6
1998:Q2,Next 40%,33.1,34.9,46.9,42.7,15.7,47.6,14.8,31.7,45.9,50.6,35.4,33.2
1998:Q2,Bottom 50%,3.7,7.4,15,22.9,1.4,4.5,1.9,5.1,31.5,25.5,53.5,9.7
1998:Q3,Top 1%,27.9,24.7,10.7,11.9,47.1,9.7,46.9,32.9,5,4.7,1.2,24.9
1998:Q3,Next 9%,34.2,31.9,26.8,22.5,34.5,38,33.8,31.3,18,19.8,9.5,32.1
1998:Q3,Next 40%,34.3,35.7,47.4,43.1,17,47.8,17,30.8,44.4,48.1,36.3,34.9
1998:Q3,Bottom 50%,3.6,7.6,15.1,22.5,1.4,4.4,2.3,5,32.6,27.3,53.1,8.2
1998:Q4,Top 1%,28.9,25.7,11.2,14,48.4,9.7,52.4,30.1,4.9,4.8,0.7,24.2
1998:Q4,Next 9%,34.2,32,27.2,20.3,34,38.3,31.4,32.6,17.8,19.2,10.5,32.6
1998:Q4,Next 40%,33.3,35,46.8,42.7,16.2,47.7,14.5,32.2,45.8,50.3,35.8,33.8
1998:Q4,Bottom 50%,3.6,7.4,14.8,22.9,1.4,4.3,1.7,5.1,31.5,25.7,53,9.5
1999:Q1,Top 1%,28.7,25.4,11.3,14.7,47.9,9.7,53.4,29.3,4.9,4.9,0.4,24.1
1999:Q1,Next 9%,34.3,32.1,27.1,19.8,34.2,38.5,31.2,33.4,17.9,19.1,10.9,33.8
1999:Q1,Next 40%,33.4,35.1,46.6,42.7,16.5,47.5,13.8,32.2,45.8,50.7,35,32
1999:Q1,Bottom 50%,3.6,7.4,15,22.8,1.4,4.3,1.6,5.1,31.4,25.4,53.6,10
1999:Q2,Top 1%,29,25.7,11.5,15.7,48.3,9.6,54.9,27.9,4.8,4.9,0.3,22.1
1999:Q2,Next 9%,34.5,32.2,27.3,18.8,34.1,38.7,30.7,34.2,18,18.7,11.3,37.5
1999:Q2,Next 40%,32.9,34.7,46.3,42.5,16.2,47.4,13,32.7,46.5,51.9,34.9,30.1
1999:Q2,Bottom 50%,3.7,7.4,15,23.1,1.4,4.3,1.4,5.2,30.7,24.5,53.6,10.3
1999:Q3,Top 1%,28.6,25.3,11.5,15.2,47.4,9.6,53.1,28.9,4.8,4.9,0.4,22.3
1999:Q3,Next 9%,34.4,32.2,27.2,19.3,34.5,38.6,31.7,33.3,18,18.9,10.6,38.5
1999:Q3,Next 40%,33.3,35.1,46.2,42.5,16.8,47.4,13.8,32.6,46,51,35.7,28.7
1999:Q3,Bottom 50%,3.7,7.5,15.2,23,1.4,4.4,1.4,5.2,31.2,25.2,53.3,10.6
1999:Q4,Top 1%,29.7,26.3,11.8,16.7,48.9,9.6,56,26.9,4.6,4.9,0,19.1
1999:Q4,Next 9%,34,32,27.3,17.7,34,39,30.6,32.6,18.9,19.3,11.3,43.8
1999:Q4,Next 40%,32.8,34.5,46.1,42.3,15.8,47.1,12.2,35,45.2,50.3,35.5,26.8
1999:Q4,Bottom 50%,3.5,7.3,14.9,23.3,1.3,4.3,1.2,5.5,31.3,25.5,53.2,10.3
2000:Q1,Top 1%,29.7,26.3,11.9,17.1,49.1,9.6,55.9,26.3,4.5,4.9,0,15.8
2000:Q1,Next 9%,34.2,32.3,27.3,17.3,34,39.3,30.9,34.2,20,20,11.6,49.1
2000:Q1,Next 40%,32.7,34.2,46,42.2,15.6,46.9,12.1,34.1,43.7,48.6,34.7,25.3
2000:Q1,Bottom 50%,3.4,7.2,14.8,23.5,1.3,4.3,1.1,5.4,31.8,26.5,53.7,9.9
2000:Q2,Top 1%,29,25.7,12.1,17,48,9.4,54.6,26.5,4.5,4.9,0,16.8
2000:Q2,Next 9%,34.4,32.4,27.3,17.3,34.5,39.6,31.7,34.1,19.7,20.1,11.1,48
2000:Q2,Next 40%,33.2,34.6,46.2,42.1,16.2,46.8,12.5,34,43.8,48.4,35.5,24.8
2000:Q2,Bottom 50%,3.4,7.3,14.4,23.6,1.3,4.3,1.2,5.5,32,26.6,53.4,10.4
2000:Q3,Top 1%,28.9,25.5,12.1,16.9,47.4,9.2,54.3,27.2,4.5,4.9,0,16.8
2000:Q3,Next 9%,34.3,32.3,27.2,17.4,34.8,39.8,31.7,33,19.8,20.4,10.7,48.7
2000:Q3,Next 40%,33.5,34.8,46.2,42.2,16.4,46.8,12.8,34.3,43.1,47.2,36.6,24
2000:Q3,Bottom 50%,3.3,7.3,14.5,23.5,1.3,4.2,1.1,5.5,32.6,27.5,52.8,10.4
2000:Q4,Top 1%,28,24.7,12.3,16.5,45.3,8.9,52.6,29.2,4.6,5,0.2,19.7
2000:Q4,Next 9%,34.6,32.4,27.4,17.9,35.7,39.9,32.3,32.1,18.8,19.9,9.6,44.8
2000:Q4,Next 40%,34,35.5,46.2,42.2,17.6,47.1,13.9,33.4,44.8,48.9,38.2,23.9
2000:Q4,Bottom 50%,3.4,7.4,14,23.5,1.4,4.2,1.2,5.3,31.9,26.3,52,11.7
2001:Q1,Top 1%,27,23.8,12.7,15.8,43.1,8.2,50.5,30.8,4.8,5,0.5,23.2
2001:Q1,Next 9%,34.8,32.4,27.4,18.7,36.7,40.1,32.5,31.7,18,19.7,8.8,40.6
2001:Q1,Next 40%,34.9,36.4,46.6,42.3,18.8,47.7,15.6,32.2,45.5,49.6,38.5,23.5
2001:Q1,Bottom 50%,3.3,7.4,13.3,23.3,1.5,4,1.3,5.3,31.7,25.7,52.3,12.7
2001:Q2,Top 1%,27,23.9,12.6,16.3,43.2,7.7,51.9,29.9,4.8,5.1,0.4,23.6
2001:Q2,Next 9%,35.1,32.6,27.6,18.3,36.9,40.5,31.4,32.5,17.8,19.3,9,40.6
2001:Q2,Next 40%,34.6,36.2,46.5,42.3,18.5,48,15.5,32.2,46.1,50.5,38.2,23
2001:Q2,Bottom 50%,3.3,7.3,13.4,23.2,1.5,3.9,1.2,5.3,31.3,25.1,52.4,12.7
2001:Q3,Top 1%,25.9,22.7,12.4,15.3,40.1,7,49.2,32,4.8,5,0.7,19.3
2001:Q3,Next 9%,35.2,32.7,27.7,19.4,38.4,40.7,32,31.8,18.5,20,7.8,47.4
2001:Q3,Next 40%,35.7,37.1,46.5,42.5,20,48.6,17.5,31,44.6,48.3,39.1,21.8
2001:Q3,Bottom 50%,3.1,7.5,13.4,22.7,1.5,3.7,1.3,5.2,32.1,26.7,52.4,11.5
2001:Q4,Top 1%,26.7,23.5,12.8,15.8,42.2,6.9,51.3,31.6,5,5.2,0.8,25.3
2001:Q4,Next 9%,35,32.3,27.5,18.9,37.2,41.1,30.7,30.8,16.9,18.5,8.1,40
2001:Q4,Next 40%,35,36.9,46.6,42.3,19.1,48.4,16.9,32.4,47.8,52.3,39.7,22.2
2001:Q4,Bottom 50%,3.3,7.3,13.1,23,1.5,3.6,1.2,5.2,30.3,24,51.4,12.5
2002:Q1,Top 1%,26.7,23.6,13.2,15.7,42.7,7,51.1,31.4,5.1,5.2,0.8,27
2002:Q1,Next 9%,35.1,32.4,27.5,19.2,36.9,41.2,30.7,31.3,17,18.7,8.3,38.6
2002:Q1,Next 40%,35.1,36.9,46.6,42.3,19,48.2,17,32.2,47.5,52,39,21.9
2002:Q1,Bottom 50%,3.1,7.2,12.7,22.9,1.4,3.6,1.2,5.1,30.4,24.1,51.9,12.5
2002:Q2,Top 1%,26,22.9,13.3,14.8,41.9,6.7,48.5,31.6,5.2,5.2,1.2,30.8
2002:Q2,Next 9%,35.7,32.8,27.6,20.3,37.1,41.5,31.6,32.8,16.5,18.6,7.4,34.6
2002:Q2,Next 40%,35.1,37.1,46.4,42.4,19.6,48.2,18.4,30.7,48,52.1,39.9,21.7
2002:Q2,Bottom 50%,3.1,7.2,12.7,22.6,1.4,3.5,1.4,4.9,30.4,24.1,51.6,12.8
2002:Q3,Top 1%,25,21.9,13.2,13.6,39.7,6.3,45.6,33.1,5.5,5.3,1.7,36
2002:Q3,Next 9%,36,32.8,27.5,21.6,37.9,41.9,32.6,31.7,15.8,18.3,6.4,29.5
2002:Q3,Next 40%,35.8,37.8,46.2,42.5,21,48.3,20.1,30.4,48.5,52.4,40.7,21.4
2002:Q3,Bottom 50%,3.3,7.5,13,22.3,1.4,3.5,1.6,4.8,30.2,24,51.2,13.1
2002:Q4,Top 1%,25.5,22.3,13.4,13.7,40.7,6.2,46.9,33.4,5.5,5.3,1.7,37.8
2002:Q4,Next 9%,35.7,32.5,27.4,21.6,37.5,42.3,31.9,30.7,15.7,18.1,6.7,28.3
2002:Q4,Next 40%,35.7,37.7,46.3,42.5,20.5,48.1,19.7,31.1,48.6,52.4,40.7,21.3
2002:Q4,Bottom 50%,3.1,7.4,12.9,22.2,1.4,3.4,1.6,4.8,30.2,24.2,50.9,12.6
2003:Q1,Top 1%,25.3,22.1,13.7,13.5,40.2,6.1,46.4,33.2,5.6,5.4,1.8,37.8
2003:Q1,Next 9%,36,32.7,27.4,22,37.7,42.3,32,31.4,15.5,17.6,6.8,29.8
2003:Q1,Next 40%,35.7,37.9,46.4,42.6,20.8,48.1,20,30.7,49.4,53.7,40,20.8
2003:Q1,Bottom 50%,3.1,7.3,12.5,21.9,1.3,3.4,1.6,4.7,29.5,23.3,51.4,11.7
2003:Q2,Top 1%,26.3,22.9,13.9,14.1,42.6,6.4,48.3,32.4,5.4,5.4,1.6,27.4
2003:Q2,Next 9%,35.8,32.7,27.4,21.5,36.9,42.3,31.2,32.1,16.4,17.6,7.5,43.3
2003:Q2,Next 40%,35.1,37.3,46.6,42.5,19.3,47.9,19,30.8,49,53.6,39.4,20.4
2003:Q2,Bottom 50%,2.8,7.1,12.2,21.9,1.2,3.5,1.5,4.7,29.3,23.5,51.4,8.9
2003:Q3,Top 1%,26.5,23.1,14,14,43.6,6.3,48.7,32.1,5.4,5.3,1.6,30.9
2003:Q3,Next 9%,35.7,32.6,27.2,21.7,36.6,42.4,30.8,32.2,16.5,18.1,7.5,40.1
2003:Q3,Next 40%,35.2,37.3,46.7,42.5,18.7,47.9,19,31.1,47.8,51.7,39.5,20.2
2003:Q3,Bottom 50%,2.5,7,12.1,21.8,1.2,3.4,1.4,4.6,30.2,24.9,51.3,8.9
2003:Q4,Top 1%,27.1,23.7,13.6,14.4,45.2,6.4,50.4,31.9,5.8,5.4,1.5,40.6
2003:Q4,Next 9%,35.7,32.5,27.4,21.3,36.1,42.5,30.1,31.9,16,17.8,8.1,29.6
2003:Q4,Next 40%,34.5,36.7,46.1,42.4,17.6,47.7,18.2,31.7,48.2,52.3,39.3,19.9
2003:Q4,Bottom 50%,2.7,7.1,12.8,21.9,1.1,3.4,1.3,4.6,30,24.5,51.1,10
2004:Q1,Top 1%,27.8,24.3,14.1,14.5,46.1,6.3,50.7,32.9,5.8,5.4,1.5,39.8
2004:Q1,Next 9%,35.7,32.6,27.2,21.2,35.8,42.8,29.7,33.1,16.1,17.7,8.3,31.7
2004:Q1,Next 40%,34.1,36.3,46.7,42.4,17.1,47.6,18.3,29.8,48.2,52.6,38.6,19.5
2004:Q1,Bottom 50%,2.4,6.7,12,21.9,1,3.4,1.3,4.2,29.8,24.4,51.6,8.9
2004:Q2,Top 1%,27.7,24.2,14.1,14.3,46.1,6.1,51.3,32.5,5.8,5.3,1.5,39.7
2004:Q2,Next 9%,35.6,32.6,27,21.4,35.9,43,29.1,33.4,16.7,18.2,8.4,33.3
2004:Q2,Next 40%,34.5,36.4,46.7,42.4,17,47.6,18.3,30,46.8,50.7,38.4,19.1
2004:Q2,Bottom 50%,2.2,6.8,12.1,21.9,1,3.3,1.2,4.2,30.7,25.8,51.7,8
2004:Q3,Top 1%,27.6,24.2,13.9,14.3,46.4,6,51.2,32.7,5.8,5.3,1.7,42.1
2004:Q3,Next 9%,35.8,32.7,27.4,21.6,35.9,43.2,28.9,33.5,16.4,18,8.2,32.4
2004:Q3,Next 40%,34.1,36.2,46.1,42.4,16.7,47.5,18.6,29.7,47.4,51.2,38.9,18.5
2004:Q3,Bottom 50%,2.4,6.9,12.6,21.7,0.9,3.3,1.3,4.1,30.3,25.5,51.2,7
2004:Q4,Top 1%,28.2,24.6,13.9,14.4,47.1,6.4,51.5,32.8,5.5,5.2,1.5,33.8
2004:Q4,Next 9%,35.6,32.7,27.4,21.3,35.9,43.3,29.9,32.5,17.1,18.5,8.4,39.7
2004:Q4,Next 40%,34,35.9,46.3,42.2,16,47,17.3,30.5,46.2,49.7,38.8,19
2004:Q4,Bottom 50%,2.2,6.8,12.4,22.1,0.9,3.3,1.3,4.1,31.2,26.7,51.3,7.5
2005:Q1,Top 1%,27.9,24.3,13.9,14,46.9,6.5,50.3,32.5,5.4,5.2,1.7,32.1
2005:Q1,Next 9%,36.1,33.1,27.6,21.6,36.3,43.4,31.2,33.4,16.8,17.9,8.4,40.5
2005:Q1,Next 40%,33.6,35.8,46.2,42.1,15.9,46.7,17.1,29.8,47.1,51,37.9,19.2
2005:Q1,Bottom 50%,2.4,6.9,12.4,22.3,0.9,3.3,1.4,4.2,30.7,25.9,52.1,8.2
2005:Q2,Top 1%,28,24.3,13.6,13.9,47,6.8,49.8,32.8,5.3,5,1.7,32
2005:Q2,Next 9%,36.4,33.3,28.1,21.5,36.5,43.4,32,33.2,16.8,18,8.3,39.4
2005:Q2,Next 40%,33.2,35.4,45.6,42,15.6,46.4,16.7,29.8,47,50.8,37.7,19.3
2005:Q2,Bottom 50%,2.5,7,12.7,22.6,0.9,3.4,1.5,4.2,30.9,26.2,52.3,9.2
2005:Q3,Top 1%,28.1,24.4,13.4,13.8,47.5,7,49.7,32.5,5.1,4.8,1.7,31.9
2005:Q3,Next 9%,36.5,33.4,28.2,21.6,36.5,43.5,32.6,32.9,17,18.3,8.3,38.3
2005:Q3,Next 40%,33,35.1,45.4,41.9,15.1,46.1,16.2,30.3,46.2,49.6,37.7,19.6
2005:Q3,Bottom 50%,2.5,7.1,13,22.7,0.9,3.4,1.5,4.3,31.7,27.2,52.3,10.3
2005:Q4,Top 1%,28.1,24.4,13.4,13.6,47.5,7.3,49.4,32.7,5,4.7,1.6,34.2
2005:Q4,Next 9%,36.4,33.3,28.2,21.6,36.7,43.5,33.2,32.2,17.2,18.8,8.2,34
2005:Q4,Next 40%,33.1,35.1,45.4,41.8,14.9,45.9,15.8,30.8,45.1,48.1,37.8,19.7
2005:Q4,Bottom 50%,2.3,7.2,13,22.9,0.9,3.4,1.6,4.4,32.7,28.4,52.4,12.1
2006:Q1,Top 1%,28.7,24.9,13.1,13.8,48.7,7.5,49.3,32.3,4.8,4.5,1.5,31.8
2006:Q1,Next 9%,36.9,33.8,28.7,21.4,36.3,43.4,33.7,34,17.6,19.2,8.3,35.6
2006:Q1,Next 40%,32.1,34,44.6,41.7,14.1,45.6,15.4,29.5,44.3,47.2,37.4,19.8
2006:Q1,Bottom 50%,2.3,7.3,13.7,23.2,0.9,3.4,1.6,4.3,33.2,29.1,52.7,12.8
2006:Q2,Top 1%,28.4,24.5,13.1,13.4,48.2,7.7,48.5,32.1,4.8,4.4,1.7,31.9
2006:Q2,Next 9%,37.2,34,28.7,21.6,36.7,43.4,34.4,34.5,17.8,19.4,8.2,34.3
2006:Q2,Next 40%,32.2,34.1,44.5,41.6,14.2,45.5,15.4,29.1,43.6,46.2,37.2,19.8
2006:Q2,Bottom 50%,2.2,7.4,13.7,23.4,0.9,3.4,1.7,4.3,33.8,29.9,53,14
2006:Q3,Top 1%,28.7,24.7,13,13.4,48.4,7.9,48.7,32.1,4.7,4.3,1.7,30
2006:Q3,Next 9%,37.1,33.9,28.7,21.5,36.7,43.4,34.7,33.8,18,19.7,8.2,35.4
2006:Q3,Next 40%,32.2,34,44.5,41.5,14,45.2,14.9,29.9,42.9,45.3,37.3,20
2006:Q3,Bottom 50%,2,7.4,13.8,23.6,0.9,3.5,1.7,4.3,34.4,30.7,52.8,14.6
2006:Q4,Top 1%,29.1,25,12.8,13.6,49.2,8.2,49.1,31.5,4.6,4.2,1.6,26.4
2006:Q4,Next 9%,36.9,33.9,28.9,21.1,36.4,43.3,34.8,32.9,18.4,19.9,8.3,38.5
2006:Q4,Next 40%,31.9,33.6,44.1,41.3,13.5,45,14.4,31.1,42.6,44.9,37.3,20.2
2006:Q4,Bottom 50%,2.1,7.5,14.2,23.9,0.9,3.5,1.7,4.5,34.5,31,52.7,14.8
2007:Q1,Top 1%,29.2,25.1,12.5,13.6,49.7,8.5,48.6,31,4.4,4.1,1.7,26.5
2007:Q1,Next 9%,37.4,34.3,29.3,21,36.2,43.3,35.3,34.6,18.6,20.2,8.4,37.5
2007:Q1,Next 40%,31.2,33,43.4,41.2,13.2,44.8,14.4,30,41.9,44.2,36.5,20.1
2007:Q1,Bottom 50%,2.1,7.6,14.8,24.2,0.9,3.5,1.8,4.4,35.1,31.5,53.4,15.8
2007:Q2,Top 1%,29.4,25.2,12.4,13.9,50,8.8,48.7,30.2,4.2,4,1.6,21.9
2007:Q2,Next 9%,37.6,34.5,29.5,20.6,36.1,43.1,35.6,35,19,20.3,8.5,42.9
2007:Q2,Next 40%,30.9,32.7,43.1,41,13,44.5,13.9,30.4,41.6,43.9,36.5,20.2
2007:Q2,Bottom 50%,2.1,7.6,15,24.6,0.9,3.5,1.8,4.4,35.1,31.8,53.4,14.9
2007:Q3,Top 1%,29.7,25.4,12.5,13.8,50,9.1,48.3,30.7,4.2,3.9,1.7,23.6
2007:Q3,Next 9%,37.6,34.5,29.5,20.6,36,43,36,34.7,18.8,20.4,8.3,38.7
2007:Q3,Next 40%,30.8,32.6,43.1,40.8,13,44.3,13.8,30.3,41.7,43.7,37.1,20.6
2007:Q3,Bottom 50%,1.9,7.5,14.9,24.8,1,3.5,1.8,4.3,35.4,32,52.9,17.1
2007:Q4,Top 1%,29.7,25.3,12.4,13.7,49.3,8.9,48.2,32.5,4.2,3.9,2,22.2
2007:Q4,Next 9%,37.7,34.4,29.8,20.6,36.6,43.1,35.7,33.6,18.8,20.4,7.9,40.9
2007:Q4,Next 40%,30.8,32.7,42.6,40.8,13.2,44.6,14.2,29.8,41.7,43.7,37.8,20.7
2007:Q4,Bottom 50%,1.8,7.6,15.2,24.9,0.9,3.4,1.9,4.2,35.3,32.1,52.4,16.2
2008:Q1,Top 1%,29.2,24.8,12,13,48.1,8.4,47.2,33.8,4.3,3.9,2.3,20.5
2008:Q1,Next 9%,38.3,34.9,30.2,21.1,37.3,43.2,35.6,34.8,19.1,20.6,7.4,43.7
2008:Q1,Next 40%,30.7,32.5,41.9,40.9,13.7,45.1,15.2,27.4,41,43,37.7,20.6
2008:Q1,Bottom 50%,1.8,7.8,15.9,24.9,1,3.3,2,4,35.6,32.6,52.7,15.2
2008:Q2,Top 1%,28.8,24.4,12.2,12.7,47.5,8.3,46.9,33.5,4.3,3.8,2.3,24.8
2008:Q2,Next 9%,38.6,35.1,30.1,21.4,37.7,43.1,35.4,35.9,19.3,21.4,7.1,37.8
2008:Q2,Next 40%,31.3,32.7,42,41,13.9,45.3,15.6,26.7,39.4,40.6,38,20.5
2008:Q2,Bottom 50%,1.3,7.7,15.7,24.9,0.9,3.3,2.1,3.9,37.1,34.2,52.6,16.9
2008:Q3,Top 1%,28.3,23.8,12.6,12.3,45.7,7.9,45.8,34.1,4.3,3.9,2.7,19.2
2008:Q3,Next 9%,39.2,35.5,30,21.8,38.9,43.5,35.6,36.6,19.4,21,6.7,45.1
2008:Q3,Next 40%,31.4,33.1,42.3,41,14.5,45.5,16.4,25.5,40.1,41.8,38.2,20.8
2008:Q3,Bottom 50%,1.1,7.6,15.1,24.9,0.9,3.2,2.2,3.8,36.1,33.4,52.5,14.8
2008:Q4,Top 1%,26.8,22.7,12.4,11.2,41.9,7.1,43,35.7,4.8,3.9,3.2,37
2008:Q4,Next 9%,39.8,35.6,30.4,23.1,41,44.1,36.2,34.6,17.7,20.7,5.7,18.5
2008:Q4,Next 40%,32.2,33.9,41.7,41.3,16.1,45.9,18.3,25.9,41.3,42.7,38.7,21.5
2008:Q4,Bottom 50%,1.2,7.9,15.5,24.5,0.9,3,2.5,3.9,36.2,32.7,52.5,23.1
2009:Q1,Top 1%,25.8,21.8,11.7,10.7,40.1,6.8,41.5,35.1,4.9,4,3.5,42.8
2009:Q1,Next 9%,41,36.5,31,23.7,42.3,44.3,36.6,36.8,17.2,20.3,5.6,11.1
2009:Q1,Next 40%,31.5,33.5,40.5,41.4,16.7,45.9,19.1,24.4,42,43.7,37.6,21.7
2009:Q1,Bottom 50%,1.7,8.2,16.8,24.2,0.9,2.9,2.7,3.7,35.9,32,53.3,24.4
2009:Q2,Top 1%,26.6,22.5,12.1,11.1,43.4,7.3,42.6,34.5,4.8,3.9,3.2,39.8
2009:Q2,Next 9%,40.4,36.1,30.9,23.3,40.5,43.8,36.2,36.3,17.8,20.7,6.1,14.1
2009:Q2,Next 40%,31.7,33.5,40.8,41.5,15.2,45.9,18.6,25.4,40.8,42.4,36.8,22.3
2009:Q2,Bottom 50%,1.2,7.9,16.2,24.2,0.9,3,2.6,3.8,36.6,32.9,53.8,23.9
2009:Q3,Top 1%,27.5,23.3,12.6,11.5,45.9,7.7,44.1,33.4,4.8,4,3.2,35.7
2009:Q3,Next 9%,40.4,36.3,30.6,22.9,39.2,43.4,35.6,38.1,17.9,20.6,6.6,19.1
2009:Q3,Next 40%,31.2,32.9,41.4,41.6,14,45.8,17.8,24.8,40.7,42.5,36.3,22.8
2009:Q3,Bottom 50%,0.9,7.5,15.5,24.1,0.9,3,2.5,3.7,36.5,32.9,53.9,22.5
2009:Q4,Top 1%,28.3,24,12.7,11.7,46.4,7.9,44.8,35.3,4.8,4,3.2,31.9
2009:Q4,Next 9%,39.2,35.4,30.8,22.5,39.1,43.3,35.2,33.9,18.2,20.7,6.8,23.8
2009:Q4,Next 40%,31.6,33.2,41.2,41.5,13.7,45.8,17.5,27,40.5,42.4,35.8,23.1
2009:Q4,Bottom 50%,0.9,7.4,15.4,24.2,0.8,3,2.5,3.8,36.6,32.9,54.2,21.2
2010:Q1,Top 1%,28.3,24.1,13,11.8,47.2,8.1,45.5,33.8,4.9,4,3.1,30.3
2010:Q1,Next 9%,39.9,36,30.7,22.4,38.7,43.3,34.9,37.1,18.4,20.9,7.2,21.4
2010:Q1,Next 40%,31.2,32.7,41.4,41.6,13.2,45.6,17.1,25.4,39.9,42,34.6,24.4
2010:Q1,Bottom 50%,0.6,7.2,14.9,24.1,0.8,3,2.5,3.7,36.9,33.1,55.2,23.9
2010:Q2,Top 1%,28,23.9,13.4,11.1,46.2,8,44.4,34.5,4.9,4,3.3,28.4
2010:Q2,Next 9%,40.2,36.3,30.7,23.4,39.6,43.5,35.2,37.3,18.6,21.2,6.7,24
2010:Q2,Next 40%,31.4,32.8,41.5,41.9,13.5,45.6,17.8,24.6,39.1,41.1,34.4,24.5
2010:Q2,Bottom 50%,0.4,7,14.5,23.7,0.8,2.9,2.6,3.6,37.3,33.7,55.6,23.2
2010:Q3,Top 1%,28.7,24.5,13.1,11.3,47.7,8.3,45.7,34.6,4.9,4.1,3.2,27.2
2010:Q3,Next 9%,39.8,36.2,31,23.1,38.8,43.3,34.7,36.8,18.8,21.4,7,26.2
2010:Q3,Next 40%,30.9,32.3,40.7,42,12.7,45.4,17.1,25.1,38.7,40.7,34.1,24.6
2010:Q3,Bottom 50%,0.6,7,15.3,23.5,0.8,2.9,2.5,3.5,37.5,33.9,55.7,22
2010:Q4,Top 1%,29.2,25,13,12.1,48.4,8.3,46.1,35.5,4.8,4.1,3,24.8
2010:Q4,Next 9%,39.1,35.6,31.2,22.5,38.2,43.3,34.7,34,18.9,21.3,6.9,30.9
2010:Q4,Next 40%,31,32.5,40.5,41.8,12.6,45.4,16.7,26.9,39.5,41.6,35.5,23.5
2010:Q4,Bottom 50%,0.7,7,15.3,23.6,0.8,2.9,2.4,3.7,36.8,33,54.6,20.8
2011:Q1,Top 1%,29.4,25.2,13.5,12.6,48.9,8.3,46.8,34,4.7,4.1,2.8,23.4
2011:Q1,Next 9%,39.4,36,31,22.1,37.7,43.3,34.6,36.3,19.4,21.7,7.2,34.3
2011:Q1,Next 40%,30.7,32.1,41.1,41.6,12.6,45.5,16.4,26,38.9,41.1,34.6,22.5
2011:Q1,Bottom 50%,0.4,6.7,14.5,23.8,0.8,2.9,2.3,3.7,36.9,33.2,55.4,19.8
2011:Q2,Top 1%,29.6,25.4,14,12.8,48.6,8.1,46.5,34.4,4.7,4.1,2.7,24.4
2011:Q2,Next 9%,39.3,36,30.9,21.9,37.8,43.4,34.8,36,19.3,21.7,7.1,34.3
2011:Q2,Next 40%,30.8,32.2,41.4,41.4,12.8,45.6,16.4,25.9,39.4,41.9,34.5,21.6
2011:Q2,Bottom 50%,0.3,6.4,13.7,23.9,0.8,2.9,2.2,3.7,36.5,32.4,55.6,19.7
2011:Q3,Top 1%,28.4,24.3,13.6,12.1,46.3,7.6,44.3,35.1,4.9,4.1,2.9,28.5
2011:Q3,Next 9%,40,36.4,31,23,39.1,43.7,35.8,36.3,19,21.9,6.3,27.5
2011:Q3,Next 40%,31.2,32.6,41.1,41.4,13.8,45.8,17.5,25,39.2,41.4,35,21.3
2011:Q3,Bottom 50%,0.4,6.7,14.4,23.5,0.8,2.9,2.3,3.6,36.9,32.6,55.7,22.7
2011:Q4,Top 1%,28.9,24.8,13.4,12.7,46.8,7.5,45.5,35.7,4.9,4.1,2.7,29.3
2011:Q4,Next 9%,39.3,35.9,31.2,22.4,38.7,43.8,35.5,33.9,18.8,21.9,6.6,25.4
2011:Q4,Next 40%,31.2,32.6,40.6,41.3,13.7,45.8,16.8,26.7,39.7,42.1,35,20.9
2011:Q4,Bottom 50%,0.6,6.7,14.8,23.6,0.8,2.9,2.2,3.7,36.6,31.9,55.7,24.4
2012:Q1,Top 1%,29.3,25.3,13.6,13.6,48,7.6,46.8,34.3,4.7,4,2.3,27.9
2012:Q1,Next 9%,39.5,36.2,31.3,21.7,37.9,43.8,35.2,35.6,19.3,22.2,7.2,28.5
2012:Q1,Next 40%,30.6,32,40.5,41,13.3,45.7,16,26.3,39.3,42,33.9,20
2012:Q1,Bottom 50%,0.6,6.5,14.5,23.8,0.8,2.9,2,3.8,36.6,31.8,56.6,23.6
2012:Q2,Top 1%,29,25,14.1,13.4,47.3,7.3,46,34.4,4.8,4.1,2.3,30.1
2012:Q2,Next 9%,39.8,36.4,31,22.1,38.2,44,35.7,36.4,19.2,22.4,6.9,25.6
2012:Q2,Next 40%,30.8,32.2,41,41,13.7,45.8,16.3,25.5,39.3,42,34.1,19.1
2012:Q2,Bottom 50%,0.4,6.4,13.9,23.5,0.8,2.9,2,3.7,36.7,31.6,56.7,25.2
2012:Q3,Top 1%,29.5,25.5,14,13.8,47.9,7.2,46.7,35,4.8,4.1,2.2,28.5
2012:Q3,Next 9%,39.3,36.1,31,21.9,37.8,44,35.7,35.2,19.1,22.1,7,28.3
2012:Q3,Next 40%,30.5,32.1,40.9,40.9,13.6,45.8,15.9,26.1,40,43,34.2,18.5
2012:Q3,Bottom 50%,0.6,6.3,14.1,23.4,0.8,2.9,1.8,3.7,36.2,30.8,56.7,24.7
2012:Q4,Top 1%,29.5,25.6,14,13.8,47.7,7.1,46.2,35.4,4.6,4,2,26.1
2012:Q4,Next 9%,39.1,36,31,22,37.7,44.1,36,34.7,19.6,22.8,6.7,31.4
2012:Q4,Next 40%,30.8,32.1,40.9,40.8,13.8,45.9,15.9,26.1,39,41.7,34.5,17.9
2012:Q4,Bottom 50%,0.6,6.3,14.1,23.4,0.8,2.9,1.8,3.7,36.7,31.4,56.8,24.5
2013:Q1,Top 1%,30,26.1,14.5,14.6,49,7.1,47.3,34.8,4.7,4.2,1.9,26.1
2013:Q1,Next 9%,39,35.9,30.8,21.4,36.9,44.1,35.9,34.9,18.9,21.6,7.3,31.7
2013:Q1,Next 40%,30.1,31.9,41.3,40.6,13.4,45.9,15.2,26.5,41.6,45.7,33.6,17.2
2013:Q1,Bottom 50%,0.9,6.1,13.4,23.5,0.8,2.9,1.6,3.8,34.8,28.6,57.2,25.1
2013:Q2,Top 1%,29.8,25.9,14.6,14.8,49,7,47.4,34,4.7,4.2,1.7,26.1
2013:Q2,Next 9%,39.2,36.1,30.6,21.4,36.7,44.3,36,36.1,18.9,21.7,7.3,31
2013:Q2,Next 40%,30.1,31.9,41.5,40.5,13.5,45.9,15,26,41.6,45.8,33.6,16.1
2013:Q2,Bottom 50%,0.9,6.1,13.3,23.3,0.8,2.9,1.5,3.8,34.8,28.3,57.3,26.8
2013:Q3,Top 1%,30.1,26.3,14.8,15,49.5,7,47.8,34.6,4.6,4.1,1.6,25.9
2013:Q3,Next 9%,38.6,35.7,30.3,21.3,36.2,44.2,36.1,34.8,19.1,22,7.4,31.9
2013:Q3,Next 40%,30.4,32,41.8,40.4,13.5,45.9,14.7,26.7,41.2,45.2,33.8,15
2013:Q3,Bottom 50%,0.9,6,13.2,23.3,0.8,2.9,1.4,3.9,35.1,28.6,57.2,27.2
2013:Q4,Top 1%,30.6,26.8,14.9,15.5,50.1,7.3,49.8,34.3,4.6,4.3,1.5,24.2
2013:Q4,Next 9%,38.2,35.4,30.3,20.7,36.1,44.3,34.9,33.5,19.1,21.8,7.8,33.2
2013:Q4,Next 40%,30.3,32,42,40.6,13.1,45.6,14,28.1,41.7,46,34,16.2
2013:Q4,Bottom 50%,0.9,5.8,12.8,23.1,0.8,2.8,1.3,4.1,34.6,27.9,56.7,26.4
2014:Q1,Top 1%,30.7,27,15,15.6,50.6,7.4,50.2,33.9,4.8,4.4,1.6,25.8
2014:Q1,Next 9%,38.4,35.6,30.4,20.7,35.9,44.4,34.5,34.7,19,21.8,7.9,31
2014:Q1,Next 40%,29.9,31.7,42.1,40.8,12.8,45.4,14,27.4,42,46.5,33.6,16.6
2014:Q1,Bottom 50%,0.9,5.7,12.4,22.9,0.8,2.8,1.4,4,34.3,27.4,56.9,26.6
2014:Q2,Top 1%,31.1,27.3,14.9,15.8,51.1,7.5,51.1,33.7,4.8,4.4,1.6,23.3
2014:Q2,Next 9%,38.2,35.5,30.6,20.4,35.7,44.6,33.8,34.5,19.2,21.9,7.9,34.8
2014:Q2,Next 40%,29.8,31.5,42,41,12.5,45.2,13.7,27.8,41.9,46.4,34.1,17.3
2014:Q2,Bottom 50%,1,5.7,12.5,22.8,0.8,2.8,1.3,4.1,34.1,27.3,56.4,24.6
2014:Q3,Top 1%,30.9,27.2,14.9,15.8,50.9,7.4,51.6,33.2,4.9,4.5,1.8,23.2
2014:Q3,Next 9%,38.5,35.7,30.7,20.3,35.9,44.7,33.4,35.5,19.2,21.9,7.8,35.3
2014:Q3,Next 40%,29.7,31.4,42,41.2,12.5,45.1,13.7,27.2,42.2,46.6,34.6,17.7
2014:Q3,Bottom 50%,1,5.7,12.4,22.7,0.8,2.7,1.4,4,33.8,27,55.8,23.9
2014:Q4,Top 1%,31.4,27.7,15,16.1,51.2,7.5,52.5,34,4.9,4.6,1.8,24.2
2014:Q4,Next 9%,38.1,35.4,30.8,19.9,35.7,44.9,32.8,34.2,19,21.8,7.8,33.2
2014:Q4,Next 40%,29.5,31.3,42,41.3,12.3,44.9,13.4,27.8,42.7,47.2,35,18
2014:Q4,Bottom 50%,1,5.6,12.1,22.7,0.7,2.7,1.3,4,33.4,26.4,55.3,24.7
2015:Q1,Top 1%,31.5,27.9,15.1,16.1,51.5,7.5,52.8,33.6,5.1,4.7,2,25
2015:Q1,Next 9%,38.3,35.6,30.9,19.8,35.6,44.9,32.4,35.2,18.8,21.6,7.9,31.2
2015:Q1,Next 40%,29.2,31.1,42.1,41.5,12.2,44.8,13.4,27.3,43.2,48.1,34.5,18.2
2015:Q1,Bottom 50%,1.1,5.5,11.8,22.6,0.7,2.7,1.3,4,33,25.6,55.6,25.6
2015:Q2,Top 1%,31.3,27.7,15.1,16.1,51.5,7.5,53,33,5.1,4.7,2.1,24.5
2015:Q2,Next 9%,38.4,35.7,31.1,19.6,35.6,45,32.1,35.9,18.7,21.6,7.7,31.3
2015:Q2,Next 40%,29.1,31.1,42.1,41.5,12.1,44.8,13.5,27.1,43.5,48.4,35.1,18.5
2015:Q2,Bottom 50%,1.1,5.5,11.8,22.7,0.7,2.7,1.3,4,32.7,25.3,55.1,25.7
2015:Q3,Top 1%,30.8,27.2,15,15.4,50.7,7.4,52.3,33.6,5.3,4.8,2.4,28.5
2015:Q3,Next 9%,38.7,35.9,31,20.3,36.1,45.1,32.2,36.2,18.2,21.7,7.2,24.2
2015:Q3,Next 40%,29.4,31.4,42.2,41.8,12.5,44.8,14.1,26.2,43.5,48,36,18.6
2015:Q3,Bottom 50%,1.1,5.6,11.8,22.5,0.7,2.7,1.4,3.9,33,25.5,54.5,28.8
2015:Q4,Top 1%,31.2,27.7,15.1,15.8,51.1,7.5,53.3,34.3,5.3,4.8,2.3,27.9
2015:Q4,Next 9%,38.1,35.4,30.9,19.8,35.9,45.2,31.6,34.4,18.4,21.8,7.7,23.2
2015:Q4,Next 40%,29.6,31.4,42.4,41.9,12.2,44.6,13.6,27.4,43.1,47.7,34.9,19.3
2015:Q4,Bottom 50%,1.1,5.5,11.6,22.6,0.7,2.6,1.4,4,33.2,25.7,55.1,29.7
2016:Q1,Top 1%,31.1,27.7,15.1,15.8,51.3,7.6,53.6,33.7,5.5,4.9,2.4,29.7
2016:Q1,Next 9%,38.4,35.6,31,19.5,35.8,45.3,31.4,35.6,18.1,21.6,7.8,20
2016:Q1,Next 40%,29.3,31.3,42.5,41.9,12.1,44.5,13.6,26.7,43.7,48.5,34.6,19.7
2016:Q1,Bottom 50%,1.2,5.4,11.4,22.7,0.7,2.6,1.4,4,32.7,24.9,55.2,30.7
2016:Q2,Top 1%,31.1,27.7,15.1,16.1,51.6,7.6,54.1,33,5.6,5,2.5,29.9
2016:Q2,Next 9%,38.6,35.8,31.3,19.2,35.8,45.3,31,36.7,17.9,21.3,7.7,20.5
2016:Q2,Next 40%,29,31.1,42.4,42,12,44.5,13.5,26.4,44.5,49.7,35.1,20.2
2016:Q2,Bottom 50%,1.3,5.4,11.3,22.8,0.7,2.6,1.4,4,32,24,54.7,29.3
2016:Q3,Top 1%,31.4,27.9,14.9,16.1,51.8,7.7,54.8,33.3,5.7,5,2.6,29.9
2016:Q3,Next 9%,38.4,35.7,31.2,19,35.7,45.4,30.6,36.4,18,21.5,7.7,22.1
2016:Q3,Next 40%,28.9,31,42.6,42.2,11.8,44.3,13.3,26.3,44.1,48.9,35.6,21.2
2016:Q3,Bottom 50%,1.3,5.4,11.4,22.7,0.7,2.6,1.3,4,32.2,24.6,54.1,26.8
2016:Q4,Top 1%,31.6,28.1,15,16.2,51.9,7.7,54.8,34.1,5.6,5,2.5,30.4
2016:Q4,Next 9%,38,35.3,30.9,18.9,35.5,45.5,30.7,34.7,18,21.7,7.7,20.1
2016:Q4,Next 40%,29.2,31.2,42.8,42.1,11.8,44.3,13.1,27.2,43.7,48.2,35.9,20.2
2016:Q4,Bottom 50%,1.2,5.4,11.3,22.8,0.7,2.6,1.3,4,32.7,25.1,53.9,29.3
2017:Q1,Top 1%,31.8,28.4,15.2,16.6,52.4,7.8,55.2,33.3,5.5,4.9,2.4,30.2
2017:Q1,Next 9%,37.9,35.3,30.8,18.3,35.2,45.4,30.7,35.5,18.3,22,8,20.6
2017:Q1,Next 40%,29.1,31,43,41.9,11.7,44.2,12.8,27.1,43,47.5,35.3,19.5
2017:Q1,Bottom 50%,1.1,5.4,11.1,23.2,0.7,2.6,1.3,4.1,33.1,25.6,54.2,29.7
2017:Q2,Top 1%,31.9,28.4,14.9,16.7,52.7,7.8,55.3,33,5.4,4.9,2.4,28.7
2017:Q2,Next 9%,37.8,35.3,30.8,18.2,35,45.4,30.8,35.6,18.5,22.1,8,21.9
2017:Q2,Next 40%,29,30.8,42.7,41.9,11.6,44.2,12.7,27.4,42.7,47,35.6,19.5
2017:Q2,Bottom 50%,1.3,5.5,11.6,23.2,0.7,2.6,1.3,4.1,33.4,26,54,29.9
2017:Q3,Top 1%,32,28.6,14.8,16.9,52.9,7.9,55.6,32.9,5.4,4.9,2.3,29.1
2017:Q3,Next 9%,37.7,35.2,30.7,17.9,34.8,45.4,30.7,35.5,18.6,22.4,8.1,21.6
2017:Q3,Next 40%,29,30.7,42.7,41.8,11.5,44.1,12.4,27.6,42.1,46.1,35.7,19.2
2017:Q3,Bottom 50%,1.3,5.5,11.8,23.4,0.7,2.6,1.2,4.1,33.9,26.6,53.9,30.1
2017:Q4,Top 1%,32.5,29,14.9,17.3,53.4,7.9,56.3,32.9,5.3,4.8,2.2,26.7
2017:Q4,Next 9%,37.3,34.9,30.5,17.4,34.5,45.4,30.6,34.8,19.1,22.7,8.3,25.4
2017:Q4,Next 40%,29,30.6,42.9,41.7,11.3,44,12,28.2,41.4,45.1,36,19.3
2017:Q4,Bottom 50%,1.2,5.5,11.7,23.6,0.7,2.6,1.2,4.1,34.3,27.4,53.6,28.6
2018:Q1,Top 1%,32.2,28.8,14.7,17.1,53.3,7.9,55.8,32.4,5.3,4.8,2.3,26.6
2018:Q1,Next 9%,37.5,35.2,30.6,17.5,34.6,45.4,30.8,36.1,19.3,23,8.3,25.8
2018:Q1,Next 40%,29,30.5,42.6,41.6,11.4,44,12.1,27.5,40.6,44.2,35.5,19.1
2018:Q1,Bottom 50%,1.3,5.6,12.1,23.8,0.7,2.6,1.2,4.1,34.8,28.1,54,28.5
2018:Q2,Top 1%,32.2,28.8,14.4,17.3,53.4,7.9,56.1,32.2,5.2,4.7,2.2,26.4
2018:Q2,Next 9%,37.5,35.2,30.7,17.2,34.5,45.5,30.8,36.2,19.4,23.2,8.3,25
2018:Q2,Next 40%,28.9,30.4,42.4,41.5,11.4,43.9,11.9,27.5,40.2,43.5,35.6,19.3
2018:Q2,Bottom 50%,1.4,5.7,12.5,24,0.7,2.6,1.2,4,35.2,28.5,53.8,29.3
2018:Q3,Top 1%,32.4,28.9,14.3,17.9,53.7,7.9,56.9,31.7,5.1,4.7,2.1,26.5
2018:Q3,Next 9%,37.5,35.2,30.6,16.5,34.3,45.6,30.6,36.6,19.6,23.4,8.5,25.3
2018:Q3,Next 40%,28.8,30.2,42.4,41.3,11.2,43.8,11.4,27.7,39.8,42.9,35.8,19.2
2018:Q3,Bottom 50%,1.4,5.7,12.7,24.4,0.8,2.6,1.1,4,35.5,29,53.5,29
2018:Q4,Top 1%,31.4,28,14.4,16.4,52.5,7.8,54.5,33.1,5.2,4.7,2.5,27.1
2018:Q4,Next 9%,37.7,35.3,30.4,18,35.1,45.6,31.6,36,19.2,23.6,7.5,21.9
2018:Q4,Next 40%,29.6,30.9,42.6,41.4,11.8,44,12.6,26.9,39.6,42.2,36.9,19.5
2018:Q4,Bottom 50%,1.3,5.8,12.5,24.2,0.7,2.6,1.3,3.9,35.9,29.6,53.1,31.5
2019:Q1,Top 1%,32.2,28.8,14.6,17.6,53.5,7.9,56.2,32.5,5.2,4.7,2.2,28.6
2019:Q1,Next 9%,37.4,35.1,30.4,16.6,34.5,45.6,31,36.2,19.4,23.5,8.2,21.1
2019:Q1,Next 40%,29.1,30.4,42.8,41.1,11.3,43.8,11.7,27.4,39.7,42.6,36,19.2
2019:Q1,Bottom 50%,1.3,5.6,12.1,24.7,0.7,2.6,1.1,3.9,35.8,29.2,53.5,31.1
2019:Q2,Top 1%,32.4,29,14.3,17.9,53.6,8,56.6,32.5,5.1,4.6,2.1,27
2019:Q2,Next 9%,37.3,35.1,30.6,16.2,34.4,45.7,30.9,36.1,19.5,23.6,8.4,22.4
2019:Q2,Next 40%,28.9,30.2,42.5,41,11.3,43.8,11.4,27.6,39.5,42.3,36.1,19.5
2019:Q2,Bottom 50%,1.4,5.7,12.6,25,0.8,2.6,1.1,3.9,35.9,29.4,53.4,31
2019:Q3,Top 1%,32.4,29,14.1,17.8,53.6,7.9,56.8,32.6,5.1,4.6,2.2,27.3
2019:Q3,Next 9%,37.3,35.1,30.5,16.1,34.4,45.7,30.8,36.2,19.6,23.9,8.3,22.7
2019:Q3,Next 40%,28.9,30.2,42.4,40.9,11.3,43.8,11.3,27.3,38.9,41.2,36.4,19.4
2019:Q3,Bottom 50%,1.4,5.8,13,25.2,0.8,2.6,1.1,3.8,36.4,30.3,53.1,30.6
2019:Q4,Top 1%,32.7,29.3,14.1,18.4,54,8,58,32,5,4.6,2,26
2019:Q4,Next 9%,37.2,35,30.5,15.3,34.1,45.8,30.3,36.6,19.9,24,8.6,23.6
2019:Q4,Next 40%,28.7,29.9,42.4,40.8,11.1,43.6,10.7,27.6,38.5,40.7,36.5,19.7
2019:Q4,Bottom 50%,1.4,5.8,13.1,25.4,0.8,2.6,1,3.8,36.6,30.7,52.9,30.6
2020:Q1,Top 1%,31.2,27.8,14.1,18.3,51.8,7.4,57.9,32.8,5,4.6,2,24.9
2020:Q1,Next 9%,37.5,35.3,30.4,15.4,35.4,46.4,30.4,36.3,20,24.1,8.7,24.3
2020:Q1,Next 40%,29.8,30.9,42.5,40.8,12.1,43.6,10.7,27.1,38.2,40.5,36,19.9
2020:Q1,Bottom 50%,1.4,6,13,25.5,0.7,2.5,1,3.8,36.8,30.9,53.3,30.8